{
  "partners": [
    {
      "code": "862869159583356456868239517818931298",
      "icon": "https://media.discordapp.net/attachments/902132309216595968/902178015524556851/image0.png",
      "ownerID": "794678774255190039",
      "serverName": "uplist",
      "website": "https://www.disc-uplist.xyz/",
      "description": "Add your Discord bot now and experience the progress on your bot & it’s growth, or get code for it and your projects.\r\n\r\nDiscord Uplist is the place to grow your bot and expand your code knowledge. Don’t know how to program? or how to get started, well no need to worry we have made that easier than ever for you. We have achieved this by our multiple sources and developers giving us there code for free for you to use!\r\n\r\nwhat do we offer\r\nAt Uplist we offer a range of things to help out fellow developers and discord users some of the main things Discord Uplist provides are:\r\n• Free to use uptime host\r\n• Free to use code templates for java, BDFD and more…\r\n• Cheap paid to use code templates for java, BDFD and more…"
    }
  ]
}